sweep_type,voxel_size,ground_thresh,dbscan_eps,num_clusters,nearest_dist,obstacle_points,mean_extent_dx,latency_ms,time_roi,time_voxel,time_ransac,time_dbscan
voxel_size,0.05,0.15,0.6,50,1.66,19386,1.68,142.26,6.82,26.7,6.82,101.92
voxel_size,0.1,0.15,0.6,48,1.68,10905,1.76,52.6,5.33,11.04,3.83,32.39
voxel_size,0.15,0.15,0.6,43,1.66,7076,1.84,32.94,5.34,6.95,2.37,18.27
voxel_size,0.2,0.15,0.6,37,1.68,4883,2.04,28.9,5.99,6.38,2.28,14.24
voxel_size,0.3,0.15,0.6,30,1.68,2793,2.3,24.65,7.16,6.25,1.7,9.53
ground_thresh,0.1,0.08,0.6,57,1.68,12347,2.0,65.53,7.69,13.06,4.98,39.8
ground_thresh,0.1,0.15,0.6,48,1.68,10817,1.69,50.62,4.44,8.87,4.44,32.86
ground_thresh,0.1,0.25,0.6,47,1.68,10066,1.72,49.77,4.62,8.35,4.87,31.93
ground_thresh,0.1,0.35,0.6,45,1.68,9529,1.76,56.38,6.16,12.15,5.18,32.88
dbscan_eps,0.1,0.15,0.3,73,1.68,10951,0.94,45.63,5.65,12.1,4.99,22.89
dbscan_eps,0.1,0.15,0.5,48,1.68,10802,1.63,44.53,4.88,8.42,4.92,26.31
dbscan_eps,0.1,0.15,0.6,49,1.68,10916,1.67,53.87,5.41,10.4,5.03,33.02
dbscan_eps,0.1,0.15,0.8,37,1.68,10890,2.23,64.44,4.53,8.46,3.46,48.0
dbscan_eps,0.1,0.15,1.2,31,1.68,10934,3.04,84.06,6.11,10.45,3.6,63.89
