run_id,total_ms,roi_ms,voxel_ms,ransac_ms,dbscan_ms,cpu,os
1,60.53880002582446,5.174899997655302,9.874299983493984,4.344400018453598,41.13730002427474,"AMD64 Family 25 Model 80 Stepping 0, AuthenticAMD",Windows-10-10.0.26200-SP0
2,54.03530003968626,8.765699982177466,10.47209999524057,3.5401000059209764,31.25,"AMD64 Family 25 Model 80 Stepping 0, AuthenticAMD",Windows-10-10.0.26200-SP0
3,50.1642000162974,5.321600008755922,8.888399985153228,3.664800024125725,32.28419995866716,"AMD64 Family 25 Model 80 Stepping 0, AuthenticAMD",Windows-10-10.0.26200-SP0
4,44.162900012452155,4.959899990353733,8.260799979325384,3.1732000061310828,27.76399999856949,"AMD64 Family 25 Model 80 Stepping 0, AuthenticAMD",Windows-10-10.0.26200-SP0
5,56.44940002821386,5.681600014213473,10.811799962539226,3.819099976681173,36.106000014115125,"AMD64 Family 25 Model 80 Stepping 0, AuthenticAMD",Windows-10-10.0.26200-SP0
6,57.54310003248975,6.89250003779307,10.851100028958172,3.3664999646134675,36.42499999841675,"AMD64 Family 25 Model 80 Stepping 0, AuthenticAMD",Windows-10-10.0.26200-SP0
7,53.70930000208318,6.78130000596866,12.25740002701059,3.896899987012148,30.766199983190745,"AMD64 Family 25 Model 80 Stepping 0, AuthenticAMD",Windows-10-10.0.26200-SP0
8,68.58789996476844,6.230000057257712,11.478900036308914,4.191800020635128,46.678799961227924,"AMD64 Family 25 Model 80 Stepping 0, AuthenticAMD",Windows-10-10.0.26200-SP0
9,78.83150002453476,9.14149999152869,20.34099999582395,5.39139995817095,43.946699996013194,"AMD64 Family 25 Model 80 Stepping 0, AuthenticAMD",Windows-10-10.0.26200-SP0
10,46.25229997327551,5.757900013122708,8.657799975480884,3.557100018952042,28.27070001512766,"AMD64 Family 25 Model 80 Stepping 0, AuthenticAMD",Windows-10-10.0.26200-SP0
11,42.127199994865805,4.582100023981184,6.946400040760636,3.4274999634362757,27.16489997692406,"AMD64 Family 25 Model 80 Stepping 0, AuthenticAMD",Windows-10-10.0.26200-SP0
12,45.777599967550486,4.435800015926361,9.182300011161715,3.1349999480880797,29.01890000794083,"AMD64 Family 25 Model 80 Stepping 0, AuthenticAMD",Windows-10-10.0.26200-SP0
13,45.986700046341866,4.429500026162714,9.167000011075288,3.4126000246033072,28.96369999507442,"AMD64 Family 25 Model 80 Stepping 0, AuthenticAMD",Windows-10-10.0.26200-SP0
14,43.319699994754046,4.95149998459965,8.395200013183057,3.072700055781752,26.8940000096336,"AMD64 Family 25 Model 80 Stepping 0, AuthenticAMD",Windows-10-10.0.26200-SP0
15,48.31410001497716,4.5232999837026,7.916400034446269,3.6995999980717897,32.16830000746995,"AMD64 Family 25 Model 80 Stepping 0, AuthenticAMD",Windows-10-10.0.26200-SP0
16,46.57970002153888,4.952399991452694,8.226500009186566,3.2184000010602176,30.173400009516627,"AMD64 Family 25 Model 80 Stepping 0, AuthenticAMD",Windows-10-10.0.26200-SP0
17,53.6574000143446,4.328700015321374,7.748600037302822,3.5258999560028315,38.04900002432987,"AMD64 Family 25 Model 80 Stepping 0, AuthenticAMD",Windows-10-10.0.26200-SP0
18,54.84870000509545,8.810399973299354,12.717600038740784,3.3860999974422157,29.928200005088,"AMD64 Family 25 Model 80 Stepping 0, AuthenticAMD",Windows-10-10.0.26200-SP0
19,43.63440000452101,4.330300027504563,6.824499985668808,3.400099987629801,29.072599951177835,"AMD64 Family 25 Model 80 Stepping 0, AuthenticAMD",Windows-10-10.0.26200-SP0
20,46.75200005294755,5.707700038328767,8.328399970196187,3.577600000426173,29.132299998309463,"AMD64 Family 25 Model 80 Stepping 0, AuthenticAMD",Windows-10-10.0.26200-SP0
21,53.503100003581494,4.744999983813614,9.413399966433644,3.375600033905357,35.96320003271103,"AMD64 Family 25 Model 80 Stepping 0, AuthenticAMD",Windows-10-10.0.26200-SP0
22,64.90940001094714,6.346500013023615,12.037000036798418,4.929200047627091,41.58910003025085,"AMD64 Family 25 Model 80 Stepping 0, AuthenticAMD",Windows-10-10.0.26200-SP0
23,67.99100001808256,6.981500016991049,14.606699987780303,5.618800001684576,40.77239998150617,"AMD64 Family 25 Model 80 Stepping 0, AuthenticAMD",Windows-10-10.0.26200-SP0
24,46.93920002318919,4.385800042655319,8.425299951341003,3.461299987975508,30.660599994007498,"AMD64 Family 25 Model 80 Stepping 0, AuthenticAMD",Windows-10-10.0.26200-SP0
25,44.41259999293834,4.460899974219501,7.994299987331033,2.9731999966315925,28.979399998206645,"AMD64 Family 25 Model 80 Stepping 0, AuthenticAMD",Windows-10-10.0.26200-SP0
26,49.34630001662299,4.5053999638184905,7.832600036635995,3.5998999956063926,33.40240003308281,"AMD64 Family 25 Model 80 Stepping 0, AuthenticAMD",Windows-10-10.0.26200-SP0
27,53.17510000895709,4.265399998985231,9.661999996751547,3.894199966453016,35.34800000488758,"AMD64 Family 25 Model 80 Stepping 0, AuthenticAMD",Windows-10-10.0.26200-SP0
28,64.06830000923946,4.497800022363663,9.350800013635308,3.8232000079005957,46.38640000484884,"AMD64 Family 25 Model 80 Stepping 0, AuthenticAMD",Windows-10-10.0.26200-SP0
29,57.208599988371134,7.68949999473989,10.755499999504536,4.279199987649918,34.47379998397082,"AMD64 Family 25 Model 80 Stepping 0, AuthenticAMD",Windows-10-10.0.26200-SP0
30,42.96609997982159,4.264299990609288,7.280699966941029,3.500699996948242,27.91509998496622,"AMD64 Family 25 Model 80 Stepping 0, AuthenticAMD",Windows-10-10.0.26200-SP0
